ticker,announcement_date,surprise_last_q,surprise_last_4q_mean,estimate_revision_30d,estimate_revision_7d,analyst_dispersion,price_mom_20d,price_mom_5d,vol_ratio,sector,market_cap_log,beat
AAPL,2021-06-30,0.0,0.0,0.0,0.0,5.5258795337904285,-0.08328605871507588,-0.022864701436130064,1.597648182120603,Technology,28.729633404596992,1
AAPL,2021-09-30,5.061705652952032,5.061705652952032,0.0,0.0,2.7587052468248205,-0.08374533784369853,-0.028509679496022344,0.751041447911202,Technology,28.729633404596992,1
AAPL,2021-12-31,0.5731976457291553,2.8174516493405934,20.184195977091836,20.184195977091836,1.7576751811115316,0.0653584343756648,0.0356182795698925,0.8810650630216397,Technology,28.729633404596992,1
AAPL,2022-03-31,7.1947504080165245,4.276551235565903,4.634624814665705,4.634624814665705,5.111022770994656,0.007774442749594046,0.006932153392330331,0.902079028430208,Technology,28.729633404596992,0
AAPL,2022-06-30,-3.0126639777918394,2.454247432226468,3.169674243271118,3.169674243271118,5.55999582807103,-0.04900535925152161,-0.053775588594152546,0.8042299625072302,Technology,28.729633404596992,1
AAPL,2022-09-30,4.639121519046772,2.3486013987501533,-18.288943148875873,-18.288943148875873,5.528095731813184,0.13202732412060314,0.075170588015959,1.2965537336681365,Technology,28.729633404596992,0
AAPL,2022-12-30,-1.5381113418515617,1.8207741518549738,6.863119850275186,6.863119850275186,5.16662360956319,-0.07987859787212748,0.024471759070147314,0.701474482899057,Technology,28.729633404596992,0
AAPL,2023-03-31,-1.5389157465627528,-0.36264238678984545,-11.885405823398344,-11.885405823398344,5.663115419366752,0.09563877696136536,0.01038251366120213,0.9720783693877939,Technology,28.729633404596992,1
AAPL,2023-06-30,6.774501820417486,2.084149062762486,4.266154923325023,4.266154923325023,2.2630285780864385,0.03812458137977237,0.033610755441741524,1.6620132165914647,Technology,28.729633404596992,0
AAPL,2023-09-29,-3.8406827868095488,-0.035802013701594256,9.482178880302207,9.482178880302207,3.1978254773962402,-0.005827111677635832,0.008550391892961695,1.185056322992659,Technology,28.729633404596992,1
AAPL,2023-12-29,1.670863811939529,0.7664417747461785,-19.1225914848304,-19.1225914848304,2.9338896847914038,-0.05066848982072314,0.02406446326140399,0.9483152591056202,Technology,28.729633404596992,0
AAPL,2024-03-29,-1.483244229533435,0.7803596540035078,22.620617970731658,22.620617970731658,1.8771117501323014,0.09806600235722707,0.03150398832440038,0.5130984808693984,Technology,28.729633404596992,1
AAPL,2024-06-28,0.6976598671325049,-0.7388508343177375,4.198722126679254,4.198722126679254,2.8207750069388333,-0.11723749049988963,-0.03626679513944653,0.982913107551169,Technology,28.729633404596992,1
AAPL,2024-09-30,5.969465108434298,1.7136861394932243,-11.272056059544472,-11.272056059544472,4.784832080868198,-0.08238960460780775,0.0006675567423231055,1.242116709431959,Technology,28.729633404596992,1
AAPL,2024-12-31,3.7620742235826174,2.236488742403996,17.904869356544246,17.904869356544246,6.052454604555328,0.10318023480841165,0.06627801851794124,1.2539105396386871,Technology,28.729633404596992,1
AAPL,2025-03-31,6.973772694359854,4.350742973377319,-11.061933666957161,-11.061933666957161,2.124344992874825,0.0013361753571088375,0.029233838003989376,1.5262021567221993,Technology,28.729633404596992,1
AAPL,2025-06-30,1.547231269810508,4.56313582404682,-5.030262271341552,-5.030262271341552,4.975477999511167,-0.012673150604185057,-0.016585938646704768,0.8956702335958988,Technology,28.729633404596992,0
AAPL,2025-09-30,-0.2807591156867101,3.0005797680165673,-0.3753009487412092,-0.3753009487412092,4.7937286736052425,0.05138399787951098,-0.006973999499302552,0.9759289259528741,Technology,28.729633404596992,0
AAPL,2025-12-31,-0.9390068519473829,1.8253094991340673,26.032411676013783,26.032411676013783,3.4260441637567993,-0.09492191469900735,-0.0005611252431542146,0.6749259874458426,Technology,28.729633404596992,1
AAPL,2026-03-31,6.1139315395041764,1.6103492104201478,-9.463384369775993,-9.463384369775993,5.544774048749415,-0.04710306068814951,0.02899056933286759,0.6032894172878933,Technology,28.729633404596992,0
MSFT,2021-06-30,0.0,0.0,0.0,0.0,4.690294021431626,-0.10138617825151386,-0.007406997954784167,1.6263168466891516,Technology,28.729633404596992,1
MSFT,2021-09-30,2.0490722006129305,2.0490722006129305,0.0,0.0,5.424550877365407,0.1437944231820667,0.05109782444857558,0.8020007961383093,Technology,28.729633404596992,0
MSFT,2021-12-31,-1.4773923860118727,0.2858399073005289,-8.131797259657084,-8.131797259657084,3.4953924361311115,0.022552688595627313,0.01884015307624387,1.114943114054282,Technology,28.729633404596992,1
MSFT,2022-03-31,6.333015568372097,2.301565127657718,0.418009508785206,0.418009508785206,1.6129552561008564,-0.06148880536035295,0.0037140609979899875,1.0390818944694848,Technology,28.729633404596992,1
MSFT,2022-06-30,1.083905932099785,1.9971503287682348,-1.4966634885615915,-1.4966634885615915,1.4150275926376035,0.009668435710157075,-0.014362657091561815,0.7641436727282307,Technology,28.729633404596992,0
MSFT,2022-09-30,-3.1074005934321747,0.7080321302569587,13.987547980906633,13.987547980906633,3.924316747323247,-0.019795120502796082,0.012990333964097545,0.6282111315553996,Technology,28.729633404596992,0
MSFT,2022-12-30,-1.4604064466824318,0.7122786150893189,0.962218762993565,0.962218762993565,3.8100076188055603,0.07803867403314935,0.019239977364732486,1.2313075755781069,Technology,28.729633404596992,0
MSFT,2023-03-31,-4.835534669534053,-2.0798589443872184,-11.71408549075989,-11.71408549075989,1.5954561404015901,0.09020776358218696,0.0006743846240304663,0.9489185256005863,Technology,28.729633404596992,1
MSFT,2023-06-30,0.7147643508999045,-2.1721443396871885,-0.4984759967937219,-0.4984759967937219,2.245388932720003,0.03954111937005722,-0.000522125048949329,1.1611879496664157,Technology,28.729633404596992,1
MSFT,2023-09-29,2.5084202076957696,-0.7681891394052025,-0.5233096140517206,-0.5233096140517206,3.1586594639253733,-0.09073529411764714,-0.029447775719712466,0.4768385084167891,Technology,28.729633404596992,0
MSFT,2023-12-29,-1.2634637855701505,-0.7189534741271323,1.5525260620521166,1.5525260620521166,5.890823404277122,-0.04037029583417184,0.024933367724185196,1.0048975961570703,Technology,28.729633404596992,1
MSFT,2024-03-29,5.6224636714156,1.8955461111102812,-3.484001388709689,-3.484001388709689,2.417080702989907,0.00718351324828248,-0.02214261214223101,0.5494140273695028,Technology,28.729633404596992,0
MSFT,2024-06-28,-4.656908821093888,0.5526278181118329,21.858227509537166,21.858227509537166,3.5187440780839774,0.06861892672069003,0.03660470294524454,0.4881038230207021,Technology,28.729633404596992,1
MSFT,2024-09-30,0.08661523884514655,-0.05282342410082284,-0.7788371154078566,-0.7788371154078566,4.0587945368455065,0.028564627469650272,0.04170684667309543,1.0140677177491824,Technology,28.729633404596992,0
MSFT,2024-12-31,-2.864349287430978,-0.4530447995660297,-6.6368926765091665,-6.6368926765091665,2.5078369898094555,-0.029100191448627966,0.00868527481270287,0.39964656304747564,Technology,28.729633404596992,1
MSFT,2025-03-31,2.6708463941470684,-1.190949118883163,-7.517467310028858,-7.517467310028858,3.2938076406474406,0.044234523145566085,0.015766987657669818,0.5137419958513324,Technology,28.729633404596992,0
MSFT,2025-06-30,-5.398850160079393,-1.3764344536295392,4.689655170943681,4.689655170943681,5.052156080402937,0.07199679122936042,0.05482650879789519,1.4359775850432748,Technology,28.729633404596992,1
MSFT,2025-09-30,4.338910516110754,-0.31336063431313693,0.7575757573489144,0.7575757573489144,4.051644966762561,0.07192538729054698,0.006630709090009512,0.43053173135540773,Technology,28.729633404596992,1
MSFT,2025-12-31,6.293555181704515,1.9761154829707361,10.024072034823002,10.024072034823002,5.112474436175734,0.0544026769571202,0.03512861949293988,1.092134707010756,Technology,28.729633404596992,0
MSFT,2026-03-31,-1.7126789361188652,0.8802341504042528,-4.899789313138191,-4.899789313138191,2.9239766073321705,0.07920382285434768,0.06966510032072804,0.8927927620736185,Technology,28.729633404596992,0
GOOGL,2021-06-30,0.0,0.0,0.0,0.0,4.06864920695789,-0.0055169105301030585,0.0008449004224502232,0.5601045856521192,Technology,28.324168296488992,1
GOOGL,2021-09-30,2.522562508313893,2.522562508313893,0.0,0.0,4.306463608696526,0.03145140500128907,-0.055142283622623744,0.49830304045278045,Technology,28.324168296488992,0
GOOGL,2021-12-31,-5.253885602609756,-1.3656615471479316,-5.522266605443746,-5.522266605443746,5.294668673769125,0.1530161844041198,0.017198485667928587,1.3660957883406744,Technology,28.324168296488992,0
GOOGL,2022-03-31,-2.0282653842592433,-1.586529492851702,-3.8758172478268813,-3.8758172478268813,4.747991232743612,-0.02499740690799701,-0.0012749681257968604,1.062474382743803,Technology,28.324168296488992,0
GOOGL,2022-06-30,-4.26223520662445,-2.255455921294889,11.513867954419482,11.513867954419482,8.062709962793859,0.1227466793168881,0.061679937198609425,1.1874208437363716,Technology,28.324168296488992,0
GOOGL,2022-09-30,-0.4748040311422925,-3.0047975561589357,-18.462381293476124,-18.462381293476124,3.1245815278647586,-0.027551720756936793,0.06645161290322599,0.8582800507746351,Technology,28.324168296488992,1
GOOGL,2022-12-30,4.048564922533337,-0.6791849248731623,0.34938409838773515,0.34938409838773515,5.692059574190276,0.025048833735493492,-0.015885273028130253,1.276071714754588,Technology,28.324168296488992,1
GOOGL,2023-03-31,4.871454318911178,1.045745000919443,-5.896531711870489,-5.896531711870489,2.172590596083866,-0.03983445421624421,-0.0006730380939562464,0.9721863415709497,Technology,28.324168296488992,0
GOOGL,2023-06-30,-2.7635352382186817,1.4204199930208854,9.164215914446345,9.164215914446345,4.601547791423741,0.11729378600318663,0.046733264439085875,0.42598349362186183,Technology,28.324168296488992,1
GOOGL,2023-09-29,3.6728717826091355,2.4573389464587425,3.8715564422214377,3.8715564422214377,2.0211819864090943,0.11247575953458311,0.04992374173868841,0.9045351387299104,Technology,28.324168296488992,1
GOOGL,2023-12-29,0.04042363972817743,1.4553036257574523,3.4846266456872668,3.4846266456872668,2.174385735083981,0.03816403969643911,0.03446520759107119,1.0439333755630233,Technology,28.324168296488992,1
GOOGL,2024-03-29,2.217873449785648,0.7919084084760698,-7.0458404046221075,-7.0458404046221075,2.5336767862279137,0.009707112970711362,0.0062826642944511235,1.3166973466010168,Technology,28.324168296488992,1
GOOGL,2024-06-28,3.7836240007670137,2.4286982182224937,2.9832572285352215,2.9832572285352215,6.299392963979273,-0.0722856868580205,-0.014078759436849553,1.066161434777608,Technology,28.324168296488992,0
GOOGL,2024-09-30,-0.7330202721721292,1.3272252045271775,-26.261559889252332,-26.261559889252332,5.004003200892713,-0.01158613256691221,0.0034649402753714753,0.6887665267952117,Technology,28.324168296488992,0
GOOGL,2024-12-31,-2.351881504419575,0.7291489184902394,71.66418504657874,71.66418504657874,4.137931032580262,0.06892348087021749,-0.04354757509649276,0.8222218388175212,Technology,28.324168296488992,0
GOOGL,2025-03-31,-4.073563216517902,-0.8437102480856483,-27.44195355369564,-27.44195355369564,4.301445283765723,-0.027094622759483156,0.012757094506638866,0.7882796570324044,Technology,28.324168296488992,0
GOOGL,2025-06-30,-1.819511355032901,-2.244494087035627,6.887356318672498,6.887356318672498,4.380939541557949,-0.038403314476934125,-0.03985680190930796,1.2263250981894862,Technology,28.324168296488992,0
GOOGL,2025-09-30,-4.010244657272284,-3.0638001833106654,27.641087393478532,27.641087393478532,4.335009535141751,0.1669003629165291,0.009310123421559569,0.91836361066372,Technology,28.324168296488992,1
GOOGL,2025-12-31,2.570660654339054,-1.8331646436210083,-22.2619127781014,-22.2619127781014,3.01477238354885,0.0470201562866821,0.011665964548430052,1.0193498788570488,Technology,28.324168296488992,1
GOOGL,2026-03-31,2.49849261286611,-0.19015068627500525,15.03381306787159,15.03381306787159,2.874035144164052,0.08568144147997647,-0.017800565941906377,1.2564564008483143,Technology,28.324168296488992,1
AMZN,2021-06-30,0.0,0.0,0.0,0.0,4.4794839621096925,-0.06310108627966515,-0.019691594874393648,1.2496812274178304,Consumer Discretionary,28.218807780831224,0
AMZN,2021-09-30,-4.515319833806563,-4.515319833806563,0.0,0.0,5.711022270477959,0.01674352607307572,0.012863099865714878,0.8016699360128543,Consumer Discretionary,28.218807780831224,1
AMZN,2021-12-31,2.2756227200827586,-1.1198485568619025,-32.02233768380148,-32.02233768380148,3.419866313253578,0.04915396448049214,-0.013737347180228565,0.8270431839087152,Consumer Discretionary,28.218807780831224,0
AMZN,2022-03-31,-2.667495724337787,-1.6357309460205305,41.303870297718284,41.303870297718284,5.194805192877624,-0.0038860103626942033,-0.025271330111700796,1.0924149509837289,Consumer Discretionary,28.218807780831224,0
AMZN,2022-06-30,-2.189239331284131,-1.7741080423364304,-16.213275294197647,-16.213275294197647,1.6835016829348477,0.030234390388024446,0.03625557206537877,0.9457900948430696,Consumer Discretionary,28.218807780831224,1
AMZN,2022-09-30,3.464646463479917,0.22088353198518942,10.204081628866774,10.204081628866774,5.33155614617409,0.0908075165058404,0.051091318390917184,1.1964446985416965,Consumer Discretionary,28.218807780831224,1
AMZN,2022-12-30,6.041319558133524,1.1623077414978806,1.0437710434195953,1.0437710434195953,4.034385375652675,0.0042568943179714935,0.016961859244681854,0.5858686670386533,Consumer Discretionary,28.218807780831224,1
AMZN,2023-03-31,4.55575210112163,2.9681196978627353,7.374208594677047,7.374208594677047,2.2958346991486276,0.02477552377785175,0.011322612405644916,1.0357631308638107,Consumer Discretionary,28.218807780831224,1
AMZN,2023-06-30,2.1548048533437862,4.054130744019714,-5.378146043081611,-5.378146043081611,2.5434775688985223,-0.12319075744791319,0.02271178741766966,0.7929338100482065,Consumer Discretionary,28.218807780831224,0
AMZN,2023-09-29,-5.147362730058389,1.9011284456351383,3.158412593257335,3.158412593257335,3.7602231053927166,-0.11610060025833913,-0.029774812343619783,1.4039356849777658,Consumer Discretionary,28.218807780831224,1
AMZN,2023-12-29,6.182433489116519,1.9364069283808862,1.4624996021166445,1.4624996021166445,5.4515718682380605,-0.0356215748485722,-0.013207407953958472,1.1895434102192552,Consumer Discretionary,28.218807780831224,0
AMZN,2024-03-29,-1.1175722329888071,0.5180758448532773,3.4625387762157946,3.4625387762157946,3.6018064434649912,-0.024198132358911884,0.02991086732944792,1.3267411135143639,Consumer Discretionary,28.218807780831224,0
AMZN,2024-06-28,-5.804449614660896,-1.4717377721478933,9.313101941573358,9.313101941573358,3.507919802609914,-0.0637190203842205,0.018018018018017834,0.8799651043838371,Consumer Discretionary,28.218807780831224,0
AMZN,2024-09-30,-2.0831646827806667,-0.7056882603284628,2.6764192495286014,2.6764192495286014,2.6096884675877705,-0.04267216009417296,-0.047437774524158094,0.7202595868602168,Consumer Discretionary,28.218807780831224,1
AMZN,2024-12-31,4.749633011009742,-1.0638883798551573,-17.28055262762607,-17.28055262762607,4.079135221946041,-0.04224790753288166,-0.022057626566823973,1.048937826291745,Consumer Discretionary,28.218807780831224,0
AMZN,2025-03-31,-3.33809232329252,-1.6190184024310854,-4.035230793007588,-4.035230793007588,1.746236858957763,0.0694178974804518,-0.027571496286933117,0.8060840503390229,Consumer Discretionary,28.218807780831224,0
AMZN,2025-06-30,-4.65895993969931,-1.3326459836906888,-2.6684342910230354,-2.6684342910230354,3.1265632806632806,-0.03480413572156693,-0.010672438241659865,1.1775553423207858,Consumer Discretionary,28.218807780831224,0
AMZN,2025-09-30,-0.12506253122653135,-0.8431204458021551,11.703279428734918,11.703279428734918,7.435558489988616,0.07316900911081281,0.09190859442368482,0.9864923535854848,Consumer Discretionary,28.218807780831224,1
AMZN,2025-12-31,3.395571710428146,-1.1816357709475538,-24.31215607043767,-24.31215607043767,3.7999936654738926,0.016857759110001203,0.049071851027697955,0.35713987706356287,Consumer Discretionary,28.218807780831224,1
AMZN,2026-03-31,0.18683302188580023,-0.3004044346529738,30.448612016503397,30.448612016503397,1.9087004924737712,0.053225371120108056,0.03281986130961845,1.163734919854638,Consumer Discretionary,28.218807780831224,0
META,2021-06-30,0.0,0.0,0.0,0.0,1.5618027662735825,0.05103635038016874,0.014170854271356781,1.4547958061463258,Technology,27.893385380396808,1
META,2021-09-30,3.926818383773582,3.926818383773582,0.0,0.0,1.0948585440363365,0.011676312315971327,0.013941182456497447,0.9813033705627006,Technology,27.893385380396808,0
META,2021-12-31,-0.9963212750730586,1.4652485543502618,1.892012493999987,1.892012493999987,3.9257060127277015,-0.06288819875776397,-0.03506167199634547,0.946305983698128,Technology,27.893385380396808,0
META,2022-03-31,-5.096057117772158,-0.7218533363572116,-10.753700619524885,-10.753700619524885,2.9730198441708944,0.04559111691704776,-0.03670718498014203,1.1473314273120663,Technology,27.893385380396808,1
META,2022-06-30,7.276466068608271,1.2777265148841592,-0.9667051056342099,-0.9667051056342099,3.4548281215549257,-0.024650672291062548,-0.03369465848243436,0.7790706861434914,Technology,27.893385380396808,0
META,2022-09-30,-1.0019001552509141,0.04554688012803503,14.738745877477207,14.738745877477207,4.739927652553343,0.1542553191489362,0.10282472520978603,1.2264839962604264,Technology,27.893385380396808,0
META,2022-12-30,-4.709991267379312,-0.8828706179485283,-13.445759195576578,-13.445759195576578,1.7567635391866778,-0.10421106037544392,-0.04778341063531433,0.9560410995285127,Technology,27.893385380396808,1
META,2023-03-31,3.3503990354488824,1.228743420356732,-0.5962330047159157,-0.5962330047159157,3.22700757025518,0.06851768920734447,0.009519779987306798,1.1829500995740216,Technology,27.893385380396808,1
META,2023-06-30,4.850440609445099,0.6222370555659388,1.1017417052899376,1.1017417052899376,3.5880160257563705,0.10292988039065087,0.03469219682931857,1.5715064898461717,Technology,27.893385380396808,0
META,2023-09-29,-5.677038689641185,-0.5465475780316288,24.530222160970528,24.530222160970528,4.680148778313631,-0.08551791850760915,-0.005658161631258651,1.2208050088111115,Technology,27.893385380396808,1
META,2023-12-29,5.975811019046761,2.1249029935748895,-19.076285203604698,-19.076285203604698,1.024737154709746,0.0274768234111471,0.004476960034942135,0.6692885482086419,Technology,27.893385380396808,0
META,2024-03-29,-3.2607136262864023,0.4721248281410682,20.188683887925524,20.188683887925524,2.384586035295549,-0.0357992757371961,-0.027142708007098948,1.095700715696758,Technology,27.893385380396808,1
META,2024-06-28,5.360549407344396,0.5996520276158925,-14.053245339689449,-14.053245339689449,1.6816816812776743,0.027627302275189614,-0.014135744725080501,0.7047650795453886,Technology,27.893385380396808,0
META,2024-09-30,-4.151351350354021,0.9810738624376835,-0.7416062569769241,-0.7416062569769241,3.014393729303827,0.04634322954380887,0.027842698912712294,1.269828214028042,Technology,27.893385380396808,1
META,2024-12-31,3.534376647608733,0.37071526957817635,-4.362762761714641,-4.362762761714641,3.8539139888340967,-0.055806137790748944,-0.012395929694727026,1.0699641336049253,Technology,27.893385380396808,0
META,2025-03-31,-0.022670082287266965,1.1802261555779603,10.806601519554224,10.806601519554224,2.6876301814849985,-0.026805997273966375,0.008854559155990982,0.36295476100025575,Technology,27.893385380396808,1
META,2025-06-30,4.4704248685367185,0.9576950208760409,1.2196504270545518,1.2196504270545518,2.2243791955382233,-0.016164098686076267,0.005312469815512477,0.6385754081162274,Technology,27.893385380396808,0
META,2025-09-30,-5.17673703688896,0.7013485992423062,10.7572398013937,10.7572398013937,1.397200940456605,-0.05677394854267548,-0.007789873164885663,1.2685126563027207,Technology,27.893385380396808,1
META,2025-12-31,7.081480099880895,1.5881244623103468,-13.162258348871179,-13.162258348871179,3.1225980007872316,0.0038452838724269967,0.010703712138465216,1.5703882718900022,Technology,27.893385380396808,1
META,2026-03-31,6.948981550982659,3.3310373706278282,-3.052884054897682,-3.052884054897682,4.561696950109811,0.10944372574385519,0.0219256434699715,1.0076146301529612,Technology,27.893385380396808,1
NVDA,2021-06-30,0.0,0.0,0.0,0.0,1.313232126565837,0.03419402738821975,0.04353435718150411,0.800712902928072,Technology,28.547311847803105,1
NVDA,2021-09-30,5.510322003070252,5.510322003070252,0.0,0.0,3.410568498409701,0.14139127810472307,0.060572069545709484,0.7441727237214522,Technology,28.547311847803105,0
NVDA,2021-12-31,-4.3889753363909785,0.5606733333396365,23.21531753343087,23.21531753343087,4.174237586756804,-0.024567819148936132,0.047032794490240226,0.8043950471188284,Technology,28.547311847803105,1
NVDA,2022-03-31,6.163139025152679,2.428161897277317,-13.188242062288005,-13.188242062288005,4.97801377112807,-0.12420891346346019,-0.02672589302239481,0.7065605061982928,Technology,28.547311847803105,1
NVDA,2022-06-30,4.469150141190532,2.938408958255621,-11.21396650512844,-11.21396650512844,3.431639717509106,-0.07201661351331312,-0.05244424249308932,1.0045733538364916,Technology,28.547311847803105,0
NVDA,2022-09-30,-3.0682896297728504,0.7937560500448457,37.00323569871865,37.00323569871865,3.0206265636013145,-0.014111585342407862,-0.03205104005436221,0.7202968339295369,Technology,28.547311847803105,0
NVDA,2022-12-30,-6.168550960954395,0.3488621439039918,-6.44138961092444,-6.44138961092444,3.6954914995160077,-0.004519355436191752,-0.043495283858337674,0.927152656876098,Technology,28.547311847803105,1
NVDA,2023-03-31,3.316703620815621,-0.3627467071802729,-6.584965908650868,-6.584965908650868,3.4098105111282058,-0.013127442425162172,-0.037770050310742764,1.10602536963804,Technology,28.547311847803105,0
NVDA,2023-06-30,-3.3026450379213235,-2.305695501958237,-5.169068734948011,-5.169068734948011,3.290014804293466,0.03717405997652157,-0.021479393207141873,0.9988023342655477,Technology,28.547311847803105,1
NVDA,2023-09-29,1.2901558053979365,-1.2160841431655403,3.641190510097614,3.641190510097614,4.063910336435328,-0.021979185975690485,0.019488227013001458,0.9594962769320613,Technology,28.547311847803105,0
NVDA,2023-12-29,-5.49269565471891,-1.047120316606669,9.870044412880395,9.870044412880395,2.738538076464881,-0.012243336309144315,0.004721998806527683,1.8258689391249494,Technology,28.547311847803105,0
NVDA,2024-03-29,-2.916543051435091,-2.6054319846693472,-6.275533119526977,-6.275533119526977,1.2824787746473238,-0.011982102682069673,-0.0496048632218844,1.2929121254732316,Technology,28.547311847803105,0
NVDA,2024-06-28,-5.7352450802228265,-3.2135819952447227,-11.027179987898588,-11.027179987898588,3.374530728608738,-0.06456682601008445,-0.017717979279361806,1.5767675903810936,Technology,28.547311847803105,1
NVDA,2024-09-30,1.1389041209054547,-3.2513949163678433,21.614897267905988,21.614897267905988,1.5521752624169196,-0.03881696572819515,-0.01501070616542688,0.9346643991188612,Technology,28.547311847803105,0
NVDA,2024-12-31,-0.915783404825995,-2.1071668538946144,-4.884633229661135,-4.884633229661135,2.333177787542599,-0.07441894747186861,0.000584313829645966,0.6758752463965281,Technology,28.547311847803105,1
NVDA,2025-03-31,5.96515787681725,0.11325837816847079,-14.466273445725694,-14.466273445725694,1.0631963934117554,-0.06323107761792401,-0.05729898118121701,0.9365862149403593,Technology,28.547311847803105,1
NVDA,2025-06-30,0.3742451304809345,1.6406309308444111,21.916316684316804,21.916316684316804,2.227469149056117,-0.0566398193778086,-0.05001967557168463,1.040255945991866,Technology,28.547311847803105,1
NVDA,2025-09-30,6.755913929087205,3.0448833828898487,-4.537722207081373,-4.537722207081373,1.468752294565922,0.1206936327283914,-0.009043620167952793,0.8949176874952895,Technology,28.547311847803105,0
NVDA,2025-12-31,-1.857971652625888,2.8093363209398756,-9.005657769633883,-9.005657769633883,4.064846252196249,0.05482147877424781,0.07848906022792623,1.4951225121604454,Technology,28.547311847803105,0
NVDA,2026-03-31,-0.5475587010311399,1.1811571764777777,2.3769307967058553,2.3769307967058553,2.8717752350376258,-0.012275389982228768,-0.06311846417980338,1.327544568078389,Technology,28.547311847803105,1
TSLA,2021-06-30,0.0,0.0,0.0,0.0,2.6234238956822664,0.09015345268542196,-0.005637636080870867,1.1565950642297071,Consumer Discretionary,27.40787756461559,0
TSLA,2021-09-30,-4.041712439285494,-4.041712439285494,0.0,0.0,2.696962545478043,0.04571013966987114,-0.015707700187809537,1.102152057719184,Consumer Discretionary,27.40787756461559,1
TSLA,2021-12-31,1.5912079018320497,-1.2252522687267222,-2.726721211574765,-2.726721211574765,2.6322716500012713,0.006263048016701633,0.04329004329004338,0.6864096896239363,Consumer Discretionary,27.40787756461559,0
TSLA,2022-03-31,-4.297183468627084,-2.2492293353601767,2.4576071195668727,2.4576071195668727,0.896458986840617,0.015490230593205423,-0.010632824558394871,1.233262756890686,Consumer Discretionary,27.40787756461559,1
TSLA,2022-06-30,1.6190049302341554,-1.2821707689615935,-8.24065543428524,-8.24065543428524,3.056585029790894,-0.08763404825737264,-0.009639869043288396,1.277155829869291,Consumer Discretionary,27.40787756461559,1
TSLA,2022-09-30,3.266725250589006,0.5449386535070316,-6.147915731752939,-6.147915731752939,1.0723285612795868,0.061327231121281356,0.05890410958904124,1.116291866221453,Consumer Discretionary,27.40787756461559,1
TSLA,2022-12-30,5.919253658263317,1.6269500926148484,6.890688876534838,6.890688876534838,2.4779199627466117,-0.05369127516778527,-0.01208021261174197,1.11201825725419,Consumer Discretionary,27.40787756461559,1
TSLA,2023-03-31,2.3416343647955458,3.286654550970506,0.9758189907644197,0.9758189907644197,2.555817222090327,-0.050217887528532734,-0.07179071182315955,1.1444693550678497,Consumer Discretionary,27.40787756461559,1
TSLA,2023-06-30,2.599631231611881,3.5318111263149374,-3.0478415541783344,-3.0478415541783344,2.1031298391864466,0.054508289802407406,0.04126485759138809,0.9037144572526056,Consumer Discretionary,27.40787756461559,1
TSLA,2023-09-29,3.4663403622227564,3.581714904223375,-4.516494148179618,-4.516494148179618,1.550173963700063,0.022804560912182525,-0.01045093864911939,1.0195863247103913,Consumer Discretionary,27.40787756461559,1
TSLA,2023-12-29,5.647800474413906,3.513851608261022,11.003192931379997,11.003192931379997,2.352174856634549,0.02843095339888846,0.05806025951176608,0.23876977849282105,Consumer Discretionary,27.40787756461559,1
TSLA,2024-03-29,6.897300425762243,4.652768123502696,-4.805539287470195,-4.805539287470195,2.190063848415562,-0.051899210229409465,0.012449799196787348,0.6638661598395668,Consumer Discretionary,27.40787756461559,0
TSLA,2024-06-28,-4.075203422551731,2.9840594599617933,7.402113337301501,7.402113337301501,1.3637514852493227,-0.08122781373982046,-0.034876069313446,1.223862356398819,Consumer Discretionary,27.40787756461559,0
TSLA,2024-09-30,-0.9507296068595269,1.8797919676912227,-13.527855925213048,-13.527855925213048,1.214071083677714,-0.0908599242833964,0.017862549197698918,1.2586144413088305,Consumer Discretionary,27.40787756461559,0
TSLA,2024-12-31,-6.425471210364302,-1.138525953503329,28.375771975223408,28.375771975223408,3.00210147052902,-0.12399770904925544,-0.09120617944147347,1.121269055503737,Consumer Discretionary,27.40787756461559,1
TSLA,2025-03-31,2.2782614493014606,-2.2932856976185247,-9.008407440888643,-9.008407440888643,2.847025747282509,-0.07029177718832891,-0.017174903610234882,1.2608136161426289,Consumer Discretionary,27.40787756461559,0
TSLA,2025-06-30,-0.8576665063688642,-1.488901468572808,-6.2693885709547645,-6.2693885709547645,2.0197312200699558,-0.05579399141630914,-0.03649635036496346,0.49410029111439935,Consumer Discretionary,27.40787756461559,0
TSLA,2025-09-30,-3.441311271119191,-2.1115468846377237,14.530507657693095,14.530507657693095,0.9056166342023118,0.10532941670163676,0.007651109410864443,0.7616451798142855,Consumer Discretionary,27.40787756461559,1
TSLA,2025-12-31,1.742406404205257,-0.06957748099533428,-14.222015068092594,-14.222015068092594,2.5058051147649043,-0.005902777777777812,0.04565376186997816,0.9232609828708507,Consumer Discretionary,27.40787756461559,1
TSLA,2026-03-31,2.5843203416941907,0.006937242102848188,8.422234698081512,8.422234698081512,1.4724558720670602,-0.04961411245865499,0.017709563164108655,1.0232203635252533,Consumer Discretionary,27.40787756461559,1
JPM,2021-06-30,0.0,0.0,0.0,0.0,1.3700976192207401,0.02390909090909088,-0.011844183190033442,0.7105314909937291,Financials,26.937873935370604,0
JPM,2021-09-30,-5.92738482515374,-5.92738482515374,0.0,0.0,3.4889913136072512,-0.04931939238508587,0.021732216686102035,1.1354598320360803,Financials,26.937873935370604,0
JPM,2021-12-31,-1.017316414599177,-3.472350619876458,-6.735742420493963,-6.735742420493963,1.586322375678801,-0.07958509271158443,0.010786290322580605,1.1825871785066533,Financials,26.937873935370604,1
JPM,2022-03-31,4.191416232626876,-0.9177616690420132,4.183116953893313,4.183116953893313,2.0089630656762534,0.13029584578909392,0.056867469879518184,1.0418315931888633,Financials,26.937873935370604,0
JPM,2022-06-30,-3.922114046681794,-1.6688497634519586,14.056578828931604,14.056578828931604,1.9939567768464872,-0.04135073868521855,0.03747567887657555,0.950817932128717,Financials,26.937873935370604,0
JPM,2022-09-30,-6.156725001739856,-1.7261848075984874,0.7525884715264148,0.7525884715264148,2.7099811990464286,-0.040000000000000036,-0.024390243902438935,1.5687871073145359,Financials,26.937873935370604,0
JPM,2022-12-30,-3.5314442500073753,-2.354716766450537,-9.44215224482076,-9.44215224482076,2.168805349327886,0.0009218907140464694,0.003191936161276887,1.121225323652645,Financials,26.937873935370604,1
JPM,2023-03-31,1.0464485810507063,-3.14095867934458,-6.285462643538299,-6.285462643538299,1.1411617023962186,-0.008630765081363068,0.038421696958282237,1.4587910701406142,Financials,26.937873935370604,1
JPM,2023-06-30,6.3619764908589245,-0.5699360449594002,-4.9737936011252994,-4.9737936011252994,3.2959789050959754,0.0662557781201849,-0.004316546762589857,1.2890765749855992,Financials,26.937873935370604,0
JPM,2023-09-29,-1.1264492610945578,0.6876328902019242,-1.9019361706603577,-1.9019361706603577,1.455471663521246,0.09119752084409338,0.008455506307534888,1.3838778733320807,Financials,26.937873935370604,1
JPM,2023-12-29,1.844810333513178,2.0316965360820625,6.566753265623573,6.566753265623573,1.3951866059652622,-0.02086383601756947,-0.044642857142857095,0.7743949522894599,Financials,26.937873935370604,0
JPM,2024-03-29,-1.269619811428388,1.4526794379622892,4.320931501078695,4.320931501078695,3.5039188559697703,0.00073072707343802,0.003664345914254241,1.1386666429909618,Financials,26.937873935370604,1
JPM,2024-06-28,1.7630244348984598,0.30294142397217294,-5.432507846977233,-5.432507846977233,2.793184628946733,-0.007151552038953124,-0.041498347410943826,0.08737365424627577,Financials,26.937873935370604,0
JPM,2024-09-30,-2.7911894970689124,-0.1132436350214156,-7.566620561075779,-7.566620561075779,1.903147112942586,-0.00028667670035109616,-0.009655662051828107,1.3007553028916066,Financials,26.937873935370604,0
JPM,2024-12-31,-5.382446062149436,-1.920057733937069,15.316627426017185,15.316627426017185,3.578102014952868,-0.12162804919480863,-0.0771043049903618,1.0115756664132916,Financials,26.937873935370604,1
JPM,2025-03-31,1.345763924512835,-1.2662117999517635,-12.963892106617086,-12.963892106617086,3.1316057302255524,0.04251139399654247,-0.03125228185469153,0.8485088715050593,Financials,26.937873935370604,1
JPM,2025-06-30,6.623346119427044,-0.05113137881961709,1.5624378798627656,1.5624378798627656,1.1733744571176268,-0.008293069878127723,0.014533382515676818,0.7330282838726663,Financials,26.937873935370604,0
JPM,2025-09-30,-3.305563470622793,-0.17972487220808755,16.76387692461365,16.76387692461365,3.1023784896410933,0.0060784439183569905,0.026772887553872415,0.8570813230715383,Financials,26.937873935370604,0
JPM,2025-12-31,-1.154774215588617,0.8771930894321174,-2.7440199804307994,-2.7440199804307994,0.9816239985508041,0.08621171864074939,0.04451018624352865,1.4055693528523134,Financials,26.937873935370604,1
JPM,2026-03-31,6.199937174846867,2.0907364020156254,-12.209582900343046,-12.209582900343046,2.150861419536089,0.09957459081404574,0.02047644539614568,1.2315038994385916,Financials,26.937873935370604,1
V,2021-06-30,0.0,0.0,0.0,0.0,1.8033542385229817,0.044827928195973366,0.04638458482320207,1.2931373886961826,Financials,26.937873935370604,1
V,2021-09-30,6.82870138320702,6.82870138320702,0.0,0.0,1.3846366865052329,-0.06630136986301371,-0.006317426377684954,1.2219185704025766,Financials,26.937873935370604,0
V,2021-12-31,-6.455483929528841,0.18660872683908952,30.240246853098707,30.240246853098707,3.282710481645725,-0.1172172808132147,-0.05465472275768224,0.7303321974729808,Financials,26.937873935370604,1
V,2022-03-31,6.318353805988646,2.2305237532222746,-10.954014675463629,-10.954014675463629,3.168010137074869,-0.13063725490196076,-0.033909846111943476,0.7419167615521184,Financials,26.937873935370604,0
V,2022-06-30,-1.7793656936570468,1.2280513915024445,-1.833134642645317,-1.833134642645317,2.578072632456547,-0.049939098660170544,-0.033590308370044064,1.179001512990858,Financials,26.937873935370604,0
V,2022-09-30,-3.2122785000408514,-1.2821935793095234,2.4024076872817726,2.4024076872817726,1.9470089072498487,-0.005843590699987744,-0.051820230048618576,0.9068204901747019,Financials,26.937873935370604,1
V,2022-12-30,3.1638894742810084,1.1226497716429389,5.929567054650054,5.929567054650054,2.5416651533093084,-0.06880427521710075,-0.025992174399105616,0.9206357836350916,Financials,26.937873935370604,1
V,2023-03-31,2.3546712170301185,0.13172912440330706,-10.629046126161452,-10.629046126161452,2.510985561382659,0.03414388307924909,-0.008935039845447856,0.6662996264693887,Financials,26.937873935370604,1
V,2023-06-30,4.566406599485892,1.7181721976890416,1.2218147486979651,1.2218147486979651,1.693384510857721,0.06490529617565444,0.012502867630190373,1.0988195084030385,Financials,26.937873935370604,1
V,2023-09-29,3.3867690217154363,3.3679340781281133,-4.6758138275175645,-4.6758138275175645,2.4534659291351586,0.14322890601541394,0.06787584143605097,0.6332260132571597,Financials,26.937873935370604,0
V,2023-12-29,-6.228532172097801,1.0198286665334113,15.033491379725774,15.033491379725774,1.3691596780131507,-0.05047021943573671,0.003977461054027076,0.6879275431865478,Financials,26.937873935370604,1
V,2024-03-29,2.7400308056238165,1.1161685636818357,-4.429323824065346,-4.429323824065346,2.5928863396691955,0.03850654185724922,0.01729707200166719,1.1852719250384245,Financials,26.937873935370604,0
V,2024-06-28,-1.4184613505249124,-0.3800484238208652,12.209481428682272,12.209481428682272,2.1921319322475874,0.0821510297482837,-0.03440530883103632,1.3735818001820066,Financials,26.937873935370604,0
V,2024-09-30,-1.1230460514437677,-1.5075021921106662,-9.549447866275786,-9.549447866275786,1.9915359717879784,-0.03566698202459784,0.009307852262600447,0.8798672608105228,Financials,26.937873935370604,1
V,2024-12-31,1.1567504769468524,0.3388184701504972,1.6053150765382365,1.6053150765382365,2.1185318570487914,-0.03471634208298069,-0.01677048394825109,0.639724884070301,Financials,26.937873935370604,1
V,2025-03-31,4.923821124424236,0.8847660498506018,-5.994523275081818,-5.994523275081818,0.81909473636304,-0.03502772643253238,-0.026480186480186463,1.111100612718667,Financials,26.937873935370604,1
V,2025-06-30,1.7594154937078124,1.6792352609087833,7.767950142512241,7.767950142512241,2.3732031457870213,0.02444738718549444,-0.011985460261322411,0.4978954153271811,Financials,26.937873935370604,1
V,2025-09-30,1.7544751827782534,2.3986155694642886,-3.3599266085611874,-3.3599266085611874,1.7247029196245836,0.03685477960422978,0.004361054766734318,0.5037941090821033,Financials,26.937873935370604,1
V,2025-12-31,1.6953829699909666,2.533273692725317,-1.713791700279067,-1.713791700279067,2.31613454918826,0.07014560527154856,0.03590534979423854,1.3151482109896366,Financials,26.937873935370604,1
V,2026-03-31,6.510119725179927,2.92984834291424,-3.1958745100643497,-3.1958745100643497,0.807037365699776,0.00110686254779635,-0.05981855981855977,1.4196989658082135,Financials,26.937873935370604,1
UNH,2021-06-30,0.0,0.0,0.0,0.0,3.4829336235033668,-0.04617486338797805,-0.041460735859417897,1.1173787484067121,Healthcare,26.832513419713,0
UNH,2021-09-30,-3.3784456147982582,-3.3784456147982582,0.0,0.0,3.70172335635186,0.016070711128967297,-0.04602036967182199,0.4836506088707806,Healthcare,26.832513419713,0
UNH,2021-12-31,-0.7691358529308839,-2.073790733864571,20.972236032952416,20.972236032952416,4.326507064548357,-0.003838960527611013,-0.02650185176278197,1.1542525417399943,Healthcare,26.832513419713,1
UNH,2022-03-31,1.7402172859627842,-0.8024547272554527,-14.440834115723744,-14.440834115723744,8.70153726737816,0.07075676457820856,0.03501328733274267,0.595961738466404,Healthcare,26.832513419713,1
UNH,2022-06-30,0.696122981390262,-0.4278103000940241,-0.5576386883195686,-0.5576386883195686,3.290339560877639,0.12020381378831146,0.05630983147089852,1.2788441950898315,Healthcare,26.832513419713,1
UNH,2022-09-30,4.277441429140927,1.4861614608907723,-26.539688665503387,-26.539688665503387,3.760105280591524,0.07341710635934473,-0.020028521628901896,1.1740425845650933,Healthcare,26.832513419713,0
UNH,2022-12-30,-2.3500658003696944,1.0909289740310697,5.007896811655756,5.007896811655756,3.683241250040981,0.08899586897830414,-0.020824193501213784,0.4369742793966567,Healthcare,26.832513419713,0
UNH,2023-03-31,-2.351135664609493,0.06809073638800031,2.0868584307283022,2.0868584307283022,4.018139025303864,-0.08029075389283469,-0.031801748043104316,0.8685500554063371,Healthcare,26.832513419713,1
UNH,2023-06-30,0.33867171784704087,-0.021272079497804932,6.942909756327248,6.942909756327248,4.07461064647111,0.04381180279410213,-0.009351412731280484,1.1124252316320693,Healthcare,26.832513419713,0
UNH,2023-09-29,-0.719847880876574,-1.2705944070021802,26.789506901561623,26.789506901561623,8.560666585686185,0.014634619112231073,-0.05397752944365797,1.0595331405382575,Healthcare,26.832513419713,1
UNH,2023-12-29,6.118023053237058,0.8464278063995079,-20.671858013096774,-20.671858013096774,13.26908302725813,0.02687074829931979,0.005688661114670257,1.0557399902028048,Healthcare,26.832513419713,1
UNH,2024-03-29,7.06054891608314,3.199348951572666,-18.27987671596857,-18.27987671596857,9.844134531121611,-0.025650150561182583,-0.026662655873988195,0.7470624201823222,Healthcare,26.832513419713,0
UNH,2024-06-28,-3.83374350350903,2.1562451462336485,27.69746488742408,27.69746488742408,10.87917317544083,-0.04702019920983813,0.007915722567165995,1.16762583782268,Healthcare,26.832513419713,1
UNH,2024-09-30,5.364792272139272,3.6774051844876094,-19.567951862418408,-19.567951862418408,2.7491408922111606,-0.04885049385147877,-0.030879064166523307,0.7535814645803596,Healthcare,26.832513419713,0
UNH,2024-12-31,-6.304696446137593,0.571725309643947,48.3987216642424,48.3987216642424,14.522662986682974,-0.006486621343479215,-0.0032850483371398287,0.92265598091258,Healthcare,26.832513419713,1
UNH,2025-03-31,0.8866467928711753,-0.9717502211590443,-40.05498279951662,-40.05498279951662,5.545128815242651,-0.03855559437228062,0.02446700507614219,1.0050035876885048,Healthcare,26.832513419713,0
UNH,2025-06-30,-3.071148266903606,-0.7811014120076881,79.19437431843276,79.19437431843276,4.874374083894902,-0.047843643999353924,0.04052813669420319,1.149205245331793,Healthcare,26.832513419713,1
UNH,2025-09-30,1.4667434743356536,-1.7556136114585927,-3.740829208436768,-3.740829208436768,2.677376169918406,0.11769277556261404,0.026279863481228682,1.4131546367071623,Healthcare,26.832513419713,0
UNH,2025-12-31,-0.33199464506988147,-0.2624381611916647,-17.2464217586536,-17.2464217586536,6.769716796361437,-0.014515475064197925,0.013848720800889724,0.8485819932783812,Healthcare,26.832513419713,1
UNH,2026-03-31,3.503328442117046,0.3917322511198029,-5.081659970505134,-5.081659970505134,5.139010223989408,0.03779313535552142,0.05095168374816983,0.8562025037327555,Healthcare,26.832513419713,1
HD,2021-06-30,0.0,0.0,0.0,0.0,5.340124874572738,0.024190027071871345,-0.04002619300974053,0.9486699632552476,Consumer Discretionary,26.58119899143273,1
HD,2021-09-30,6.309562928725941,6.309562928725941,0.0,0.0,6.007905136440188,-0.004723346828609976,-0.008653280685541498,0.5667882461679788,Consumer Discretionary,26.58119899143273,1
HD,2021-12-31,0.5628458496243908,3.436204389175166,29.908807085972388,29.908807085972388,2.418525907727636,0.02912267928649448,0.01654081265731744,1.4966033654795703,Consumer Discretionary,26.58119899143273,1
HD,2022-03-31,4.688917103606955,3.8537752939857626,4.594466401709251,4.594466401709251,2.6154535934032825,0.05425594653037158,-0.009602954755309256,1.3976229848031654,Consumer Discretionary,26.58119899143273,1
HD,2022-06-30,2.208190105287626,3.442378996811228,-19.08821572674036,-19.08821572674036,5.327984453151977,0.07310384643140644,0.008067249677987887,1.189274589984099,Consumer Discretionary,26.58119899143273,0
HD,2022-09-30,-6.211803050674833,0.31203750196103497,19.216111186961545,19.216111186961545,2.215680688058848,0.023949692266524103,0.03896280206353531,0.8269798220963374,Consumer Discretionary,26.58119899143273,1
HD,2022-12-30,4.500997054885256,1.2965753032762513,-0.9841100695821917,-0.9841100695821917,3.6125862491916525,0.050705602052660614,-0.014779171678982572,1.479057787980338,Consumer Discretionary,26.58119899143273,1
HD,2023-03-31,2.1783895082625593,0.6689434044401522,-12.382489788123163,-12.382489788123163,1.6111361727102094,-0.00036324010170729615,-0.07580118979082717,1.1759805289202399,Consumer Discretionary,26.58119899143273,1
HD,2023-06-30,6.109428366917113,1.6442529698475241,12.113001693539617,12.113001693539617,2.0288090882415055,0.15846554582050687,0.04036236815243277,1.5880050246429158,Consumer Discretionary,26.58119899143273,0
HD,2023-09-29,-5.230269829486611,1.8896362751445794,-20.587098014891055,-20.587098014891055,5.422993490677876,-0.07702864985417746,-0.0159136638009878,0.9238506932301866,Consumer Discretionary,26.58119899143273,0
HD,2023-12-29,-0.047849942564792435,0.7524245257820674,27.198214636965613,27.198214636965613,3.5914380104900734,-0.0846009137328676,0.011882835244489298,0.8311014147987259,Consumer Discretionary,26.58119899143273,1
HD,2024-03-29,0.2657664127762521,0.27426875191049044,-11.177746583138386,-11.177746583138386,6.598966159548716,0.09502262443438925,0.08879011274934956,0.5756804137562548,Consumer Discretionary,26.58119899143273,1
HD,2024-06-28,6.217692559219234,0.3013347999860205,-2.0363453519478787,-2.0363453519478787,3.000637634372065,0.06551756093040506,0.0001304744922367984,0.9618596959066591,Consumer Discretionary,26.58119899143273,1
HD,2024-09-30,7.486590897758292,3.4805499817972465,-2.2583128634900005,-2.2583128634900005,1.801412306599866,0.06689971070395373,0.047249063301123995,1.4531186746799798,Consumer Discretionary,26.58119899143273,0
HD,2024-12-31,-4.110822883660881,2.4648067465232244,4.107122762046752,4.107122762046752,3.9364912728196786,-0.05576308391419882,-0.007126948775055597,1.2693113867442083,Consumer Discretionary,26.58119899143273,0
HD,2025-03-31,-0.5117438654665601,2.270429176962521,9.828505544808873,9.828505544808873,4.692318003521813,0.06156680612597398,0.03151573922124418,0.8227198626122495,Consumer Discretionary,26.58119899143273,1
HD,2025-06-30,0.21785762159208252,0.7704704425557334,-2.125705287322625,-2.125705287322625,4.471700522399482,0.14995709382151023,-0.07013993292471377,0.9678007885376193,Consumer Discretionary,26.58119899143273,0
HD,2025-09-30,-2.9960393500076496,-1.8501871193857524,4.933637215131498,4.933637215131498,3.710345679392015,0.036905031915238196,-0.04090868223094679,0.8940222774053644,Consumer Discretionary,26.58119899143273,1
HD,2025-12-31,6.93525446573024,0.911332217962028,3.3026702429721944,3.3026702429721944,4.6169472730410455,-0.032624534513465364,-0.012179328208095752,1.237849157656163,Consumer Discretionary,26.58119899143273,0
HD,2026-03-31,-4.601557448797568,-0.11112117787072384,0.4545173457255198,0.4545173457255198,6.167464806933875,0.07265817687622689,0.0006573850163171802,0.3953540500428463,Consumer Discretionary,26.58119899143273,0
PG,2021-06-30,0.0,0.0,0.0,0.0,5.467468560187442,0.05247778639155598,0.0016458569807038526,1.2878319168111898,Consumer Staples,26.58119899143273,0
PG,2021-09-30,-3.215554946960242,-3.215554946960242,0.0,0.0,4.606172269210866,0.008029240817304828,0.013983485021999753,0.6992594905741644,Consumer Staples,26.58119899143273,1
PG,2021-12-31,7.203344787158225,1.9938949200989917,-3.557271731971965,-3.557271731971965,5.062699585223655,0.026163656952142622,-0.0016235648846109063,1.150346746798374,Consumer Staples,26.58119899143273,1
PG,2022-03-31,2.2470597389800404,2.0782831930593413,-9.017468019339725,-9.017468019339725,2.163966859724259,-0.14892935334009727,-0.035696999031945786,0.5589211721196471,Consumer Staples,26.58119899143273,0
PG,2022-06-30,-2.445282551488411,0.9473917569224033,25.975543256493665,25.975543256493665,3.289906565571158,-0.01529239050648401,0.010355865185464053,0.7020599206840024,Consumer Staples,26.58119899143273,0
PG,2022-09-30,-1.1646269242121932,1.4601237626094155,-6.0343761574025,-6.0343761574025,3.1653917163900314,0.08668051708217916,-0.023998341367335252,0.9242098891933477,Consumer Staples,26.58119899143273,0
PG,2022-12-30,-1.2002110257978893,-0.6407651906296133,24.720357933701678,24.720357933701678,2.588066138723777,0.09841694537346712,-0.014798816094712453,0.7130686402623764,Consumer Staples,26.58119899143273,1
PG,2023-03-31,1.7253774258158525,-0.7711857689206603,-8.269585859068954,-8.269585859068954,3.868685751113992,-0.10866341110508226,-0.00872958403733215,0.7332628431001206,Consumer Staples,26.58119899143273,1
PG,2023-06-30,1.9536863043125656,0.3285564450295839,4.063263837796322,4.063263837796322,3.7475640819414013,-0.02650628838841762,-0.0265774658185276,1.1770518563817731,Consumer Staples,26.58119899143273,1
PG,2023-09-29,0.0262329485735786,0.6262714132260269,-26.262849556133833,-26.262849556133833,1.5057066276671465,0.15793588741204068,0.02918693537178596,1.2277503689721638,Consumer Staples,26.58119899143273,0
PG,2023-12-29,-1.457524015581798,0.5619431657800495,24.445360506503754,24.445360506503754,5.659131635910607,-0.009299892469993298,0.01782515227517001,1.1892433482044977,Consumer Staples,26.58119899143273,0
PG,2024-03-29,-4.681359447706047,-1.039741052600425,-4.215978557468014,-4.215978557468014,8.127299166683505,0.05385405340099081,0.02220724811765762,0.9876023201728233,Consumer Staples,26.58119899143273,1
PG,2024-06-28,3.1012062609713285,-0.7528610634357342,-26.50045586616139,-26.50045586616139,5.706219777845987,-0.0107624954396206,-0.02807814086863003,1.269967398356932,Consumer Staples,26.58119899143273,0
PG,2024-09-30,-5.523020090241456,-2.140174323139493,42.42877917596509,42.42877917596509,1.4223132498656446,0.08553616572171907,0.03914289742023391,0.6407425906316426,Consumer Staples,26.58119899143273,0
PG,2024-12-31,-4.249871990598545,-2.8382613168936794,5.577079014452636,5.577079014452636,1.5808610418978604,0.060942426467412325,0.037199679094709115,0.33513386626884384,Consumer Staples,26.58119899143273,0
PG,2025-03-31,-4.299942033962174,-2.742906963457712,7.964954199247604,7.964954199247604,3.876344605783395,-0.02020099275775089,-0.020041507284121463,1.0343076140134055,Consumer Staples,26.58119899143273,0
PG,2025-06-30,-0.7881900698426229,-3.7152560461611994,-18.435474516932214,-18.435474516932214,4.2129337052111175,0.04739733886449393,0.022709154762674322,0.7554890833028515,Consumer Staples,26.58119899143273,1
PG,2025-09-30,4.309229332758793,-1.2571936904111376,7.345673027959541,7.345673027959541,2.3394158136690675,0.054090601757944556,-0.00864809869006744,1.2996837305838502,Consumer Staples,26.58119899143273,1
PG,2025-12-31,2.5299111013535445,0.4377520825768851,-9.957569736102569,-9.957569736102569,1.5153351916852542,-0.04179994306097501,-0.051143430457206374,0.5871789785791524,Consumer Staples,26.58119899143273,0
PG,2026-03-31,-0.41823251290512453,1.4081794628411477,10.27337744459816,10.27337744459816,3.4561415623639515,0.009802306425041207,-0.011004082159510653,1.0758535652264087,Consumer Staples,26.58119899143273,0
MA,2021-06-30,0.0,0.0,0.0,0.0,2.112899249176709,-0.10944981100377993,0.014642549526270532,1.0576296494029997,Financials,26.714730384056892,1
MA,2021-09-30,6.694369121141529,6.694369121141529,0.0,0.0,5.292872262236608,0.1100255873458944,0.015535220259629723,1.4041573820791509,Financials,26.714730384056892,1
MA,2021-12-31,0.6410256406486635,3.6676973808950963,-40.12043524311708,-40.12043524311708,3.7332005957635634,0.0217883723438681,-0.010135841170323956,1.18368517968459,Financials,26.714730384056892,1
MA,2022-03-31,3.554836567299309,3.6300771096965008,41.77840505658763,41.77840505658763,6.911952357022568,-0.14107542063772205,-0.04387688277668622,0.6888184631025843,Financials,26.714730384056892,1
MA,2022-06-30,7.4861760912982795,4.5941018550969455,-21.98440350838543,-21.98440350838543,9.215646114470793,0.12437692855447402,0.039499670836076195,0.41670997628669176,Financials,26.714730384056892,1
MA,2022-09-30,1.2492320288504841,3.2328175820241842,3.849425774218724,3.849425774218724,3.256503960901507,-0.05625241219606325,-0.061504509691038156,1.185633665779223,Financials,26.714730384056892,1
MA,2022-12-30,5.829142090013691,4.529846694365442,41.49600653210321,41.49600653210321,6.53728293910632,0.05887412787919355,0.017729193459489423,1.0452514128758932,Financials,26.714730384056892,0
MA,2023-03-31,-5.78140959927214,2.1957851527225785,-11.441183915967306,-11.441183915967306,2.5260179839719012,0.0885239713099284,0.006632920230406736,0.5362838415440144,Financials,26.714730384056892,1
MA,2023-06-30,1.7176922291008832,0.7536641871732295,-19.125638398722916,-19.125638398722916,4.891769595657832,0.05330330330330324,0.04753608760577399,1.5844242741366916,Financials,26.714730384056892,0
MA,2023-09-29,-4.56972809727702,-0.7010758443586467,23.931494380149797,23.931494380149797,3.224419603315986,0.02410884786760037,0.008857187646966747,1.0699708397595216,Financials,26.714730384056892,0
MA,2023-12-29,-4.388793348957872,-3.255559704101538,13.782560835765938,13.782560835765938,4.61041954581711,-0.12942567817281392,-0.06568300809138505,0.34990857839428097,Financials,26.714730384056892,1
MA,2024-03-29,4.93314891402431,-0.5769200757774249,-30.062338768249376,-30.062338768249376,9.052049278827232,0.10275490816972788,-0.003861556064073124,0.9551677167639939,Financials,26.714730384056892,1
MA,2024-06-28,3.8420920272355703,-0.04582012624375284,1.8646585718638082,1.8646585718638082,8.059016794954426,0.03713336223089159,0.03773312129535933,0.7105097739359173,Financials,26.714730384056892,0
MA,2024-09-30,-5.015188143937021,-0.15718513790875313,-18.87855166262079,-18.87855166262079,5.080655402396099,0.037641315519013174,0.04848445511780364,0.8019886781374985,Financials,26.714730384056892,0
MA,2024-12-31,-2.49798890617807,0.3155159727861975,46.41993673893749,46.41993673893749,6.3496094949840565,-0.04968159859464194,-0.025007040270346392,0.6552757528374895,Financials,26.714730384056892,1
MA,2025-03-31,0.527017588083675,-0.7860168586989612,-33.320631680714406,-33.320631680714406,9.985809633685914,-0.12070948604637088,-0.10587873191751307,0.7193531197055903,Financials,26.714730384056892,0
MA,2025-06-30,-0.5518473744931666,-1.8845017091311458,20.81401992455774,20.81401992455774,6.054601493805261,-0.019891107078039982,0.010251421730020915,1.2456161432918034,Financials,26.714730384056892,0
MA,2025-09-30,-5.295024215491514,-1.954460727019769,-4.514637092282215,-4.514637092282215,4.07368849677559,-0.05705544933078388,-0.041961302354495245,0.5367031722148754,Financials,26.714730384056892,0
MA,2025-12-31,-0.4481057346453159,-1.4419899341365803,21.6039189665324,21.6039189665324,4.664614234226787,-0.01193493010708735,-0.02192911474348591,1.2091756531452444,Financials,26.714730384056892,1
MA,2026-03-31,5.667506294585532,-0.1568677575111161,-2.9647399615422203,-2.9647399615422203,2.954708537860492,-0.034711587544665745,-0.0006165771161807942,1.4314008645952196,Financials,26.714730384056892,1
DIS,2021-06-30,0.0,0.0,0.0,0.0,4.803073965241868,-0.015163297045100999,-0.022385179467387162,0.5207673914677848,Communication Services,25.916222687842176,0
DIS,2021-09-30,-0.467208103891706,-0.467208103891706,0.0,0.0,6.728676031375945,0.10754917894972826,0.06671704631328956,0.8094800188323243,Communication Services,25.916222687842176,0
DIS,2021-12-31,-1.0132594494307243,-0.740233776661215,10.31787616351503,10.31787616351503,5.732450880331204,0.04887785930081989,0.05536858104440334,0.8131489520113698,Communication Services,25.916222687842176,1
DIS,2022-03-31,3.647923287483486,0.7224852447203518,-24.04907974508249,-24.04907974508249,4.498678510656988,0.03827935668649474,0.008182693336185709,1.1596075846103617,Communication Services,25.916222687842176,1
DIS,2022-06-30,5.25783050933035,1.8563215608728514,-7.327114488859706,-7.327114488859706,1.8411459285483867,-0.02877842624270477,0.020457789290056594,0.6455870347662974,Communication Services,25.916222687842176,0
DIS,2022-09-30,-5.0079169256516165,0.7211443554328737,52.71326544862326,52.71326544862326,8.009800222385131,0.0028670899037477326,0.03915119363395214,1.146266024292975,Communication Services,25.916222687842176,1
DIS,2022-12-30,5.884847339858262,2.44567105275512,-21.847037588155164,-21.847037588155164,4.223567504705257,0.04331891066429128,0.021429283364895912,1.154618771305189,Communication Services,25.916222687842176,0
DIS,2023-03-31,-3.993617718337979,0.5352858012997542,0.4004900111192647,0.4004900111192647,4.372540443609237,-0.003154574132492205,-0.0005703323482139089,1.2443060889352917,Communication Services,25.916222687842176,1
DIS,2023-06-30,0.1912986444079073,-0.7313471649308563,-14.139565435196605,-14.139565435196605,2.841370351176583,0.07692307692307687,0.05616296466797088,1.0544351962535434,Communication Services,25.916222687842176,0
DIS,2023-09-29,-1.9361909393017511,0.03658433165661,34.65238301560321,34.65238301560321,5.735354360616405,-0.04260278728363831,0.030205998505710374,0.776900143481453,Communication Services,25.916222687842176,0
DIS,2023-12-29,-0.9094633343263065,-1.6619933368895323,-0.9173567133798752,-0.9173567133798752,7.734379311786984,0.14031156636790443,0.05238798621368801,1.0092172204076735,Communication Services,25.916222687842176,1
DIS,2024-03-29,4.668250370328574,0.5034736852771058,-25.845964757949208,-25.845964757949208,5.8319239483105365,-0.05388295385058095,0.017445458765279254,0.9265793322782301,Communication Services,25.916222687842176,1
DIS,2024-06-28,2.251122644047878,1.0184296851870986,-5.27042704531771,-5.27042704531771,8.097575784150221,0.015946181636975254,-0.01450151057401805,1.4258581544091793,Communication Services,25.916222687842176,0
DIS,2024-09-30,-5.89098638296929,0.029730824270213924,15.232985352987127,15.232985352987127,7.9380829477157615,0.037310195227765686,-0.0636014725464088,1.0848336008972426,Communication Services,25.916222687842176,0
DIS,2024-12-31,-5.450816957431491,-1.1056075815060824,-23.493091743765827,-23.493091743765827,5.998125583505857,-0.19668808486782519,-0.06621885808812478,0.3860335082579478,Communication Services,25.916222687842176,1
DIS,2025-03-31,7.231490156614244,-0.4647976349346647,76.45696892474896,76.45696892474896,7.293613526328297,0.1953954634270667,0.034860631021548905,1.111529627805671,Communication Services,25.916222687842176,0
DIS,2025-06-30,-1.2854993840153623,-1.3489531419504746,-17.76194938415671,-17.76194938415671,4.25713069240204,-0.016416510318949418,0.007930785868781598,0.757396387903656,Communication Services,25.916222687842176,0
DIS,2025-09-30,-5.583936424867341,-1.2721906524249875,28.495236345673852,28.495236345673852,2.1253081687812174,0.02492712835460842,0.06946580897776533,0.9051053639342658,Communication Services,25.916222687842176,0
DIS,2025-12-31,-2.0743007727304663,-0.4280616062497314,-16.53895273998193,-16.53895273998193,6.3844969367993025,0.10326237981437214,0.002955665024630516,1.2998350518152209,Communication Services,25.916222687842176,1
DIS,2026-03-31,1.0740977199556456,-1.9674097154143815,13.18116126278112,13.18116126278112,5.438875405640165,-0.07691487774201111,-0.031037414965986443,0.8590112322964071,Communication Services,25.916222687842176,1
BAC,2021-06-30,0.0,0.0,0.0,0.0,3.0735040302920997,-0.05138075313807533,0.0007062146892655718,1.7240902306266828,Financials,26.58119899143273,1
BAC,2021-09-30,1.4350899587594592,1.4350899587594592,0.0,0.0,3.6726128007154744,0.11049586776859499,0.007724613769311439,1.275617783835406,Financials,26.58119899143273,0
BAC,2021-12-31,-3.305351520643924,-0.9351307809422325,-9.875404872715473,-9.875404872715473,4.626773595118206,0.09268668206312536,0.016325361592438803,1.4182387595037826,Financials,26.58119899143273,0
BAC,2022-03-31,-0.5212831583833222,-0.7971815734225957,-14.952780688627284,-14.952780688627284,3.424764157220099,-0.06475839591894561,-0.001437325062410122,0.878596007505935,Financials,26.58119899143273,0
BAC,2022-06-30,-5.591705842152081,-1.995812640604967,-0.9284392347537206,-0.9284392347537206,3.862296262877592,0.017505470459518557,-0.039468830689782575,1.383817720540291,Financials,26.58119899143273,1
BAC,2022-09-30,0.6720395497407012,-2.1865752428596568,20.915968734731482,20.915968734731482,4.888381943982929,-0.012248533887610491,-0.049775048203956285,1.0986091885968792,Financials,26.58119899143273,1
BAC,2022-12-30,6.99690402248757,0.3889886429232171,-20.990292756652096,-20.990292756652096,2.8949425345526034,-0.04827380062770881,-0.00015701051970473667,0.4954446403264599,Financials,26.58119899143273,1
BAC,2023-03-31,0.023159540276418276,0.5250993175881522,12.572918359924099,12.572918359924099,1.5518311602880723,0.06708561168693383,0.0076294697903822595,0.829860899461036,Financials,26.58119899143273,1
BAC,2023-06-30,6.983240221296327,3.668835833450254,-6.724951507765696,-6.724951507765696,4.077160256841434,0.10472363457438094,0.0836618132089133,0.8466851586529421,Financials,26.58119899143273,0
BAC,2023-09-29,-1.819432764615493,3.045967754861206,21.797020477406267,21.797020477406267,1.7509455099625488,-0.09009826152683309,-0.007829885436413164,0.5220281414980867,Financials,26.58119899143273,1
BAC,2023-12-29,4.1917635508503395,2.344682636951898,-27.232882290540257,-27.232882290540257,5.234151296150081,-0.05893960192175707,-0.008138168007957414,1.3966984722225062,Financials,26.58119899143273,1
BAC,2024-03-29,6.163982879348512,3.8798884717199216,13.73791847116616,13.73791847116616,3.5999476359471303,-0.020462498098280824,-0.024765222659799968,1.2359427709450757,Financials,26.58119899143273,1
BAC,2024-06-28,4.621023692688498,3.289334339567964,-5.920748789703883,-5.920748789703883,4.358058048067039,-0.021780798048440464,-0.025770065075921944,1.4129802455046554,Financials,26.58119899143273,0
BAC,2024-09-30,-3.381853045300024,2.898729269396831,12.642361561512509,12.642361561512509,4.834161405979814,0.09328261433388074,0.06834501985300312,0.37799188630476416,Financials,26.58119899143273,0
BAC,2024-12-31,-4.025782193090972,0.8443428334115035,8.181527642237857,8.181527642237857,5.734492973419194,-0.012782608695652176,-0.06789819376026274,0.5985092563004508,Financials,26.58119899143273,1
BAC,2025-03-31,6.9387364978372235,1.0380312380336816,-15.70028198853222,-15.70028198853222,1.9867737626694366,-0.04620749782040101,-0.01049204052098407,0.5206645646964145,Financials,26.58119899143273,0
BAC,2025-06-30,-4.501461696562462,-1.2425901092790586,12.24632832767965,12.24632832767965,1.5335071304162176,0.12303466565637433,0.013765389876881029,0.8714748913103774,Financials,26.58119899143273,1
BAC,2025-09-30,0.8383172312941974,-0.18754754013050318,11.049300368674453,11.049300368674453,2.5642904232675323,0.017884322678843212,-0.0011202389843166793,0.8745112651919358,Financials,26.58119899143273,1
BAC,2025-12-31,0.04395926439886714,0.8298878242419564,-30.230537230938364,-30.230537230938364,3.055979996372835,0.024775962045334943,0.0075521990226565805,1.1399609697930828,Financials,26.58119899143273,0
BAC,2026-03-31,-4.820113903369874,-2.1098247760598183,31.859476873082464,31.859476873082464,3.956478732808682,0.028459700195524684,-0.045436214544965714,1.0333707909782552,Financials,26.58119899143273,0
XOM,2021-06-30,0.0,0.0,0.0,0.0,1.4695437063191494,0.04959820840468976,0.021932918617328268,0.9768347631803086,Energy,26.937873935370604,1
XOM,2021-09-30,5.057679589248388,5.057679589248388,0.0,0.0,2.6075619290292127,-0.03426649381591407,-0.012998639260903833,0.8470197111927822,Energy,26.937873935370604,0
XOM,2021-12-31,-4.88700564865558,0.08533697029640373,12.714002299171174,12.714002299171174,2.323312113209583,-0.010548602971757082,0.024426524700540186,0.847668146833463,Energy,26.937873935370604,1
XOM,2022-03-31,7.2092374872893314,2.459970475960713,-6.47109952054084,-6.47109952054084,2.268202323075631,0.07607751129648932,0.03962557192628968,0.7644422944960125,Energy,26.937873935370604,1
XOM,2022-06-30,2.303485470323478,2.420849224551404,-7.813298636723818,-7.813298636723818,1.369425297537448,-0.05687320188056977,-0.0315596065857261,0.7848070075211494,Energy,26.937873935370604,1
XOM,2022-09-30,3.804719951658201,2.1076093151538577,10.421129562130817,10.421129562130817,2.819217666435048,-0.015542899136505417,-0.07737869761355409,0.5244062268964921,Energy,26.937873935370604,0
XOM,2022-12-30,-4.099612356607635,2.304457638165844,-2.8506869943737927,-2.8506869943737927,1.6582029222389465,-0.0009274287039181539,0.06281345062895682,0.9113846774831295,Energy,26.937873935370604,0
XOM,2023-03-31,-4.419110787766785,-0.6026294305981852,13.34429695445922,13.34429695445922,2.0776198782353488,-0.07237500962945842,-0.018342640525007115,0.836322375100707,Energy,26.937873935370604,0
XOM,2023-06-30,-5.8568104367454525,-2.642703407365418,-0.2342211627662392,-0.2342211627662392,2.480885901242498,0.007847047602531854,-0.07275338039966495,0.8046409965174801,Energy,26.937873935370604,0
XOM,2023-09-29,-5.257222759814792,-4.9081890852336665,-7.880412198146672,-7.880412198146672,1.1922930176477744,0.012487031273158422,-0.016874145499028548,1.1936523357925393,Energy,26.937873935370604,0
XOM,2023-12-29,-1.8313620751069917,-4.341126514858505,-5.419608018805213,-5.419608018805213,1.3494062609415693,-0.08328316985942441,-0.021838515887709353,0.8264059595085478,Energy,26.937873935370604,1
XOM,2024-03-29,1.1110111548418997,-2.9585960292063342,6.0282334972271405,6.0282334972271405,2.1157055873161794,0.019470062948323763,0.012098971769065825,0.8238686043087033,Energy,26.937873935370604,0
XOM,2024-06-28,-5.43501257541666,-2.8531465638741356,-4.329345087187533,-4.329345087187533,2.7793920704501622,-0.05958360976842625,-0.07279466733117368,1.266830189517852,Energy,26.937873935370604,1
XOM,2024-09-30,1.7131162034229204,-1.1105618230647079,-6.963022166256132,-6.963022166256132,2.0606341596320137,-0.06042183622828767,0.03558852688796965,0.7067541837348233,Energy,26.937873935370604,1
XOM,2024-12-31,6.975246630354376,1.091090353300634,-1.9051469282903875,-1.9051469282903875,1.484009794097596,-0.00415407854984895,0.03165650572164447,0.5247023763523959,Energy,26.937873935370604,0
XOM,2025-03-31,-0.7222180997941717,0.6327830396416162,4.141874660860348,4.141874660860348,1.3530753467056336,0.06624869383490073,0.05770161011678532,0.42315793868000545,Energy,26.937873935370604,0
XOM,2025-06-30,-4.813082304710033,0.7882656073182729,27.956271171141882,27.956271171141882,1.0232481988737623,-0.10029054503448043,0.006342991386061092,1.005187572809343,Energy,26.937873935370604,0
XOM,2025-09-30,-4.029551407164882,-0.6474012953286777,-5.547608921493096,-5.547608921493096,1.1417089096356328,0.05576726080721173,-0.0022073345467218397,1.2649170471486253,Energy,26.937873935370604,1
XOM,2025-12-31,0.21235785719221956,-2.338123488619217,-10.375736736579942,-10.375736736579942,2.4047920942668024,-0.022101602366171536,0.02647470233018323,1.568018193886791,Energy,26.937873935370604,0
XOM,2026-03-31,-1.8342005155362218,-2.616119092554729,4.4480979119404225,4.4480979119404225,2.6798156279666054,-0.014047440016405677,-0.0018684474585652922,0.587081182962674,Energy,26.937873935370604,1
PFE,2021-06-30,0.0,0.0,0.0,0.0,2.7950657766937974,0.07092099763132231,0.029260127217944465,1.0553325780943243,Healthcare,25.733901131049333,1
PFE,2021-09-30,3.2925874849452987,3.2925874849452987,0.0,0.0,1.4448083218639942,-0.030206132587220824,-0.0028474974313811297,1.0821498657736452,Healthcare,25.733901131049333,0
PFE,2021-12-31,-4.319976882373341,-0.513694698714021,16.07349159317379,16.07349159317379,1.616321252538285,-0.07194361439521879,-0.0644073346430909,1.0694980520370228,Healthcare,25.733901131049333,1
PFE,2022-03-31,6.449121797627752,1.8072441333999034,-10.611314452801105,-10.611314452801105,2.1631978241068004,-0.0015667549520648194,-0.020314787701317782,1.3296794882925747,Healthcare,25.733901131049333,0
PFE,2022-06-30,-2.0751247698395896,0.83665190759003,16.229661287987195,16.229661287987195,2.7417291166620856,-0.1256573794338146,-0.03969521936831766,1.219488550228264,Healthcare,25.733901131049333,1
PFE,2022-09-30,5.307987569857798,1.3405019288181548,-15.465319301060685,-15.465319301060685,1.571981010222281,-0.024704336399474558,-0.030672786297996302,0.6188679102978084,Healthcare,25.733901131049333,0
PFE,2022-12-30,-5.302291947479753,1.0949231625415516,16.274904036506133,16.274904036506133,1.5616053300085706,-0.15041365627222703,-0.08102526724975712,0.8971802013896109,Healthcare,25.733901131049333,0
PFE,2023-03-31,-1.8305484701767158,-0.9749944044095651,-9.402018422139458,-9.402018422139458,2.880330729252244,-0.10632541761497827,-0.03509829376854601,1.6462069663494767,Healthcare,25.733901131049333,1
PFE,2023-06-30,4.761017264234586,0.7340411041089788,2.408342442279881,2.408342442279881,2.9731917208217253,0.016688887867224445,-0.019247826858257988,0.794117481441233,Healthcare,25.733901131049333,0
PFE,2023-09-29,-3.6553740434324924,-1.506799299213594,2.575354534390244,2.575354534390244,2.723450611461735,0.10256816740646801,0.04189553580345562,0.9446216752839807,Healthcare,25.733901131049333,1
PFE,2023-12-29,6.771179082746742,1.5115684583430302,-2.959977535395848,-2.959977535395848,2.672415328498207,0.04216985763377523,0.004210028382213737,0.724275217514938,Healthcare,25.733901131049333,1
PFE,2024-03-29,6.433394500804692,3.5775542010883816,-4.459650376268599,-4.459650376268599,1.4060742404727793,-0.01620361063085518,0.030318342597271508,1.2749503704919307,Healthcare,25.733901131049333,1
PFE,2024-06-28,3.047665916224749,3.1492163640859223,1.3664950379720948,1.3664950379720948,1.0545742154750726,0.0026986001011974903,0.016630327903894626,0.8450419126772467,Healthcare,25.733901131049333,0
PFE,2024-09-30,-0.9227524385406922,3.832371765308872,-0.0017575928006024883,-0.0017575928006024883,1.949476077987251,0.08448332319782947,0.01957076260005275,1.0323944466752912,Healthcare,25.733901131049333,1
PFE,2024-12-31,1.4686053120837261,2.5067283226431187,8.190526406856401,8.190526406856401,1.3984547073036997,0.008276055547762562,0.03573487031700284,0.3318716626131922,Healthcare,25.733901131049333,1
PFE,2025-03-31,4.156906617460248,1.937606351807008,-7.065226219305459,-7.065226219305459,1.1633897852443302,0.05109975560986446,-0.011037250721183889,1.2033631786610473,Healthcare,25.733901131049333,0
PFE,2025-06-30,-0.5551031261022852,1.036914091225249,5.179526622176071,5.179526622176071,2.9543637685595976,-0.011511728931363985,-0.002760978175124884,1.4389072635577085,Healthcare,25.733901131049333,1
PFE,2025-09-30,0.0503979701695521,1.2802016934028102,-4.366035665481218,-4.366035665481218,2.2895385695157557,-0.03801639607780105,-0.03483590033061856,0.7835472779935252,Healthcare,25.733901131049333,1
PFE,2025-12-31,5.079253257294957,2.182863679705618,-1.3242501127308322,-1.3242501127308322,0.9127918650322596,0.0667026318831645,0.031717043718087146,1.1618284384773463,Healthcare,25.733901131049333,1
PFE,2026-03-31,6.3256476246735724,2.7250489315089492,-3.5276505805692824,-3.5276505805692824,2.867117534469985,-0.0786985376167264,-0.02565217391304342,1.1187270636840296,Healthcare,25.733901131049333,1
KO,2021-06-30,0.0,0.0,0.0,0.0,4.185413831697862,0.01116391340423939,0.024847094801223157,0.26702674679899385,Consumer Staples,26.244726754812657,0
KO,2021-09-30,-4.023229045719568,-4.023229045719568,0.0,0.0,2.854451516326192,-0.01828034210354501,-0.050694444444444486,0.9628825400154726,Consumer Staples,26.244726754812657,0
KO,2021-12-31,-6.145634114650292,-5.084431580184931,-8.357748245171672,-8.357748245171672,5.433798222990836,0.07821306798413463,-0.009017651573292595,0.7370224034066112,Consumer Staples,26.244726754812657,1
KO,2022-03-31,6.06411881685778,-1.3682481145040268,-21.202865863270954,-21.202865863270954,1.2358495226566193,0.014962593516209433,-0.027349973446627596,1.2607688990734418,Consumer Staples,26.244726754812657,0
KO,2022-06-30,-6.075436253379942,-2.5450451492230055,46.56040570673414,46.56040570673414,5.482790129307709,-0.036228588752463264,-0.02671259089169542,0.24038627342601676,Consumer Staples,26.244726754812657,1
KO,2022-09-30,4.611635697651046,-0.3863289633803519,-18.854120317649382,-18.854120317649382,1.8057060305923474,-0.11750449534829177,-0.011212333566923638,0.7683134634464376,Consumer Staples,26.244726754812657,0
KO,2022-12-30,-6.028478562134732,-0.3570400752514618,18.08102344865031,18.08102344865031,2.6427061303798345,-0.04445303440278314,-0.01403956604977663,1.3564231518657075,Consumer Staples,26.244726754812657,0
KO,2023-03-31,-2.174947145302593,-2.416806565791555,-2.3886911204693058,-2.3886911204693058,3.2324973727251307,0.00991325898389106,0.0357806237168834,0.9159333230741462,Consumer Staples,26.244726754812657,0
KO,2023-06-30,-1.8856234674229886,-1.369353369302317,-1.894820295482338,-1.894820295482338,4.240368304991407,-0.02882194634950941,-0.049290388374267025,1.4599182204720127,Consumer Staples,26.244726754812657,1
KO,2023-09-29,4.061667069281059,-1.5068455263948142,-11.063222258151756,-11.063222258151756,5.049229990605103,0.03386167146974062,0.015210470463388637,1.047739538168477,Consumer Staples,26.244726754812657,1
KO,2023-12-29,6.697442923252633,1.6746348449520276,-16.019505689356826,-16.019505689356826,2.6006299296094344,-0.021458065389561964,-0.02947297750923117,1.4639428932329699,Consumer Staples,26.244726754812657,1
KO,2024-03-29,6.981246566595995,3.963683272926674,24.813358810973657,24.813358810973657,1.939058171208017,-0.06453842770062201,0.023726016092428415,1.4467487925528983,Consumer Staples,26.244726754812657,0
KO,2024-06-28,-3.132963988051804,3.6518481427694702,4.314156094340977,4.314156094340977,3.039093796646196,0.06944770857814353,0.02292907721703963,0.7571276799854846,Consumer Staples,26.244726754812657,0
KO,2024-09-30,-4.8238706990402305,1.4304637006891483,0.26315789466394696,0.26315789466394696,4.122917925313914,-0.0921625163826999,0.018826851797375976,0.4796358676583673,Consumer Staples,26.244726754812657,1
KO,2024-12-31,0.6321807485481371,-0.08585184298697582,0.5166459454298516,0.5166459454298516,2.0877553143506193,0.19549945742189734,0.06899545477759039,0.3420384556814846,Consumer Staples,26.244726754812657,1
KO,2025-03-31,5.612582203412589,-0.4280179337828271,-21.007641135449497,-21.007641135449497,3.945810863094618,0.03650170427579047,0.03551877236087764,0.8637227366918453,Consumer Staples,26.244726754812657,0
KO,2025-06-30,-5.116401419146013,-0.9238772915563794,32.276697159860575,32.276697159860575,5.27748458272388,0.14028578195310648,0.08239349544756269,0.8707988205420988,Consumer Staples,26.244726754812657,1
KO,2025-09-30,6.477417919427418,1.9014448630605327,-5.295278178272972,-5.295278178272972,2.4067388681086825,-0.03227684158444655,-0.02174232840036483,1.2173349198582126,Consumer Staples,26.244726754812657,0
KO,2025-12-31,-4.082430805029351,0.7227919746661611,-7.671796009201774,-7.671796009201774,5.122024704693575,0.10049763700666658,0.03563854853911419,1.0512014506738179,Consumer Staples,26.244726754812657,0
KO,2026-03-31,-1.7324495324698888,-1.1134659593044585,-0.15042117925678947,-0.15042117925678947,4.698634784333019,-0.016232668244842707,-0.02155450290102867,1.1097064858789183,Consumer Staples,26.244726754812657,0
PEP,2021-06-30,0.0,0.0,0.0,0.0,4.102620205649958,-0.0196568977841316,-0.025577264653641296,0.3604814268507677,Consumer Staples,26.161345145873955,0
PEP,2021-09-30,-5.710847326264745,-5.710847326264745,0.0,0.0,2.320522116803329,-0.044585356187456626,-0.06790391957856068,0.9652326416596136,Consumer Staples,26.161345145873955,0
PEP,2021-12-31,-6.517766495571349,-6.114306910918047,-5.7081122461276514,-5.7081122461276514,4.42992413632263,0.09828333241923981,0.06896919874019103,1.1754045647188134,Consumer Staples,26.161345145873955,0
PEP,2022-03-31,-1.1157871418362686,-4.448133654557454,4.7657722973848475,4.7657722973848475,3.8425646363719146,0.040203747498635645,0.004038630377524166,1.5398039167350512,Consumer Staples,26.161345145873955,0
PEP,2022-06-30,-6.345721028065627,-4.922530497934498,0.8749100169237214,0.8749100169237214,1.4245420093380032,0.02267885673708503,-0.0321727077995716,0.8872106487347781,Consumer Staples,26.161345145873955,0
PEP,2022-09-30,-0.31624832607303355,-3.57388074788657,-3.664159849683223,-3.664159849683223,2.1500092136648417,-0.01870157627571456,0.05032885330283099,0.7929474753629131,Consumer Staples,26.161345145873955,1
PEP,2022-12-30,3.7963019829853533,-0.9953636282473942,-7.239522491455739,-7.239522491455739,1.8930430661324993,0.014098570173336489,0.017797731190122956,1.424624467239081,Consumer Staples,26.161345145873955,0
PEP,2023-03-31,-4.707367091116148,-1.893258615567364,-2.6506542162753566,-2.6506542162753566,3.8705451502454684,-0.03165153332191184,-0.0329355404422772,0.8068718424045117,Consumer Staples,26.161345145873955,1
PEP,2023-06-30,3.8735224926687373,0.6615522646162272,5.969395801871135,5.969395801871135,5.45961322793609,0.016841452704448034,-0.015456182472989077,1.6262736086571752,Consumer Staples,26.161345145873955,1
PEP,2023-09-29,6.801528689749853,2.4409965185719487,3.614493701844626,3.614493701844626,3.481187083786027,0.06945312875763543,-0.029759567133568976,1.1111810827744635,Consumer Staples,26.161345145873955,1
PEP,2023-12-29,1.6448608970889032,1.9031362470978364,-0.9482486132731206,-0.9482486132731206,3.2106476742620917,-0.11896976302934881,-0.019806871771839152,1.3229845580742259,Consumer Staples,26.161345145873955,0
PEP,2024-03-29,-1.2229648868325618,2.774236798168733,-0.609207739662552,-0.609207739662552,4.47538537929503,0.027196973569858285,0.04444328932321451,0.8872256499042434,Consumer Staples,26.161345145873955,0
PEP,2024-06-28,-5.039781202128351,0.5459108744694611,17.39295408266165,17.39295408266165,2.689223547161837,-0.11159946493407213,-0.0221380869748119,1.6702072481081238,Consumer Staples,26.161345145873955,0
PEP,2024-09-30,-6.410131036962123,-2.7570040572085333,1.700646444132101,1.700646444132101,3.8546538510935258,-0.03538985616956858,0.014782738539644624,0.5684987175007697,Consumer Staples,26.161345145873955,0
PEP,2024-12-31,-6.434702162092125,-4.776894822003791,-4.8650498716836825,-4.8650498716836825,1.8556318421505098,-0.09419926064533801,-0.04632165681610689,0.7755401199508007,Consumer Staples,26.161345145873955,1
PEP,2025-03-31,3.920684992200861,-3.4909823522454335,-3.060595157768259,-3.060595157768259,4.016755607959845,-0.061967196769529886,0.027972027972027913,0.8565821743165739,Consumer Staples,26.161345145873955,0
PEP,2025-06-30,-0.17501578006110738,-2.274790996728624,-7.605439650185451,-7.605439650185451,4.228712959727939,-0.033658198860307964,-0.05034803998534576,0.7828062808653338,Consumer Staples,26.161345145873955,1
PEP,2025-09-30,6.935089253953806,1.0615140760003587,-5.012337176504167,-5.012337176504167,2.8069387518085276,0.09033721769619474,-0.024675983580093153,0.8285360250011488,Consumer Staples,26.161345145873955,0
PEP,2025-12-31,-3.7669118049270525,1.7284616652916265,7.6086628182533405,7.6086628182533405,3.626119214631079,-0.11368678408113375,0.025673268364245994,1.073307818466866,Consumer Staples,26.161345145873955,1
PEP,2026-03-31,4.13377590467942,1.7817343934112666,0.6315612191569178,0.6315612191569178,3.3550613488892207,-0.04637410519763463,-0.011703990415629972,0.6965229590604088,Consumer Staples,26.161345145873955,0
CSCO,2021-06-30,0.0,0.0,0.0,0.0,3.084787588980791,-0.03529934137497215,-0.05127178778064834,0.9157027930760397,Technology,26.021583203499446,0
CSCO,2021-09-30,-6.495681294510989,-6.495681294510989,0.0,0.0,2.6445231917690477,-0.03608359876085343,-0.05638134290107644,0.8203347790181068,Technology,26.021583203499446,0
CSCO,2021-12-31,-4.233881630022243,-5.364781462266616,66.64022560081075,66.64022560081075,2.7742136828469626,-0.01139588100686506,0.04066098183745237,0.772784404903861,Technology,26.021583203499446,1
CSCO,2022-03-31,6.963276343945863,-1.2554288601957893,-23.73988469251074,-23.73988469251074,2.062989959406206,0.014003767095241981,-0.007096748326049562,0.7819372493446843,Technology,26.021583203499446,0
CSCO,2022-06-30,-1.1105762614803332,-1.2192157105169252,0.8565384745789901,0.8565384745789901,8.790526909979562,-0.022883649014302287,0.0,0.938525906943572,Technology,26.021583203499446,1
CSCO,2022-09-30,3.278349447604149,1.2242919750118593,-33.5063952573558,-33.5063952573558,5.120932795587751,-0.04436993972250958,0.004988747186796649,0.8109071605015191,Technology,26.021583203499446,0
CSCO,2022-12-30,-5.164263765396571,0.9916964411682772,31.268421308615547,31.268421308615547,2.0576131680186514,0.06485990261036179,-0.02160041073786123,1.4120777327087435,Technology,26.021583203499446,0
CSCO,2023-03-31,-3.18587105514887,-1.5455904086054062,14.866461823498586,14.866461823498586,7.371769997915818,0.02799355122380187,-0.011660267023637538,1.3472408811262124,Technology,26.021583203499446,1
CSCO,2023-06-30,1.2958795680546706,-0.9439764512216554,-11.611796978185255,-11.611796978185255,5.947383149332709,-0.0027093977395881153,0.006091370558375608,1.4040512940576635,Technology,26.021583203499446,0
CSCO,2023-09-29,-6.076826194347604,-3.2827703617095936,10.902459839022875,10.902459839022875,6.491522832407392,-0.12597901581202897,-0.027700147953312437,1.0009298956618213,Technology,26.021583203499446,0
CSCO,2023-12-29,-5.231403694351839,-3.2995553439484113,-8.38231177988305,-8.38231177988305,6.393621419988107,0.02691077141841447,0.03024358928635129,0.6912435235898726,Technology,26.021583203499446,1
CSCO,2024-03-29,0.2707886719053822,-2.435390412184848,1.5312356798796354,1.5312356798796354,2.187568360827661,0.052893010982187905,-0.009744881200043909,1.3880040325440954,Technology,26.021583203499446,0
CSCO,2024-06-28,-5.384543265294368,-4.105496120522107,20.346759930668032,20.346759930668032,5.490246736374419,-0.042615590716535645,0.0017426882861040216,0.7723305222215566,Technology,26.021583203499446,0
CSCO,2024-09-30,-0.9107350468574037,-2.813973333649557,-3.2344760763666103,-3.2344760763666103,4.983595662202086,-0.06085432461074425,-0.016308756350595588,0.8274052219142861,Technology,26.021583203499446,0
CSCO,2024-12-31,-3.1728892382686626,-2.299344719628763,-22.235499282316397,-22.235499282316397,5.02008031960506,0.02735452366957558,-0.023003826804832928,1.3019622818161005,Technology,26.021583203499446,0
CSCO,2025-03-31,-4.67871485787192,-3.5367206020730886,24.09153203036191,24.09153203036191,5.9421860232995956,0.07373570246744832,0.004982493940209887,0.846895681143603,Technology,26.021583203499446,1
CSCO,2025-06-30,4.991436259571654,-0.9427257208565835,-4.25368139081202,-4.25368139081202,6.567803931498564,-0.031887120835405236,-0.06262225030844693,0.8329346174414797,Technology,26.021583203499446,0
CSCO,2025-09-30,-2.4577413659449867,-1.3294773006284788,1.118529133797572,1.118529133797572,5.315791220533642,0.10149244469266794,0.038862226384174026,0.527122376792336,Technology,26.021583203499446,0
CSCO,2025-12-31,-2.7110535224721537,-1.2140183716793518,4.044384526238589,4.044384526238589,7.0301515360763345,0.05238490745135249,0.07369185606633777,1.065835963737124,Technology,26.021583203499446,1
CSCO,2026-03-31,2.3629120440700926,0.5463883538061516,-14.9340509601867,-14.9340509601867,2.090301002616255,0.10452106115836357,0.040764240053430045,1.1407535104870454,Technology,26.021583203499446,0
